Waktu Tarik,Wilayah,Sumber,Topik / Kata Kunci,Volume Pencarian,Judul Berita,URL,Sentimen,Skor Sentimen
2026-10-10 11:25:53,Indonesia,TikTok Trending (News),Jamie Miller Ajak Anthonio Cipriano di Single ‘Babydoll’ yang kini Viral jadi Tren Dance TikTok,Trending Sosmed,Jamie Miller Ajak Anthonio Cipriano di Single ‘Babydoll’ yang kini Viral jadi Tren Dance TikTok,https://news.google.com/rss/articles/CBMixgFBVV95cUxPZXNKejJtU1BhZTlSRS1lN1VXMXp1a083cWloYzBtZTZxdmZLMVBuSG50MFFPMFNkWjRhdG5JRG91YjJMeHozSnZpNVlwcVpxNi1qNDRiOUd6S2hRSWdnOG1wTm1tSEFBX0h1aWkwR2xpRW9XZWVFOXhKVWR0a29WMDFxWU96SHM2V29ETl82OXg2WlJEcFpQNWVlS203UGRrdko4SGd4MGJKR0EtcFh2Vk4wdDRqMHpfamJmLUJtUkVtYXpEb0E?oc=5,Netral,0.0
2026-10-10 11:25:53,Indonesia,TikTok Trending (News),Viral - Rihanna Tiba-Tiba Jualan Live di TikTok,Trending Sosmed,Viral - Rihanna Tiba-Tiba Jualan Live di TikTok,https://news.google.com/rss/articles/CBMioAFBVV95cUxONnBIbE95VzY1blZrbnI2Z21BSU04Q3p6UUhodDVhUmhOZ3BTWUtUd1I0M0hJX2lwR2Nkam9XclNLTU9CUjlsZDgyTUxUcE5VS0dRNXp2Q01fVU8wd2RCTW5DLUFqSUpUa3BBYlRQOWgyQmxPUkVBeFdKZzFsSE5SSV9leWREdDZ2TzNMdlZfN1ZGOHZzZ2NjRFdRaXdLRjFJ0gGfAUFVX3lxTE1YMW9NMFl6cVptcEJSVHNKM1c5OERnMkxnY1lrVlVBVzV0RGEwYUlaRjd4Z2FzbExqZFhwdmxpVEw4S0hrcDVOQm9fcUJidDlCSmtwaGlLQUlIeDU1S01kS3B4b0d4d3IwYXp3SDZPcFFaM1ZMY1hHNDZYdV96NlFYWFk2TFpIR01BakRuWERFYUlpcTRIREFwdDRLbjhCZw?oc=5,Positif,13.64
2026-10-10 11:25:53,Indonesia,TikTok Trending (News),Petani Segaran Karawang Rapatkan Barisan - Dukungan untuk Wahyu Purnama Abadi Viral di TikTok,Trending Sosmed,Petani Segaran Karawang Rapatkan Barisan - Dukungan untuk Wahyu Purnama Abadi Viral di TikTok,https://news.google.com/rss/articles/CBMiV0FVX3lxTE9obEtHYURXNlF0X3Uza2M3bjRGaU1ENm0xMmpNZUxfUXhfeXJvak9ySFc2a1NZVzROanljR2lIMlhnQWtFN0dYVnVvMmliV2pzbHY0UmZMZw?oc=5,Netral,0.0
2026-10-10 11:25:53,Indonesia,TikTok Trending (News),Lirik Lagu Asli Jen Ajena Jen Helikili Yahohayo Judul Oncom Gondrong - Viral di TikTok,Trending Sosmed,Lirik Lagu Asli Jen Ajena Jen Helikili Yahohayo Judul Oncom Gondrong - Viral di TikTok,https://news.google.com/rss/articles/CBMiwgFBVV95cUxNYUVuV0otc1BSNHdCQTl4c0gyV2xDVFVuRk54RUF6SlhGWkMyX09lVUE4N3pZWXI3RG5DeGZjZlRxOVhQYko4LUZPVG1KaktjRk9nTHA1UHFuUk81cldUdlBVSzhtRXBSa0RwUFMyZlhBYnhyMUFaNW5lMTFKMThWMEpESDFGX0pYRFFNTkxsb1MzX0d5QVVaTHJJVzBzMEdvdTZpUzVXZmNhZF9ya19laDFXSmwzbmRrRjZlZE5iQ0NjZw?oc=5,Netral,0.0
2026-10-10 11:25:53,Indonesia,TikTok Trending (News),Link Video Malang 8 Vs 1 Viral di TikTok - Bikin Imajinasi Netizen Makin Liar!,Trending Sosmed,Link Video Malang 8 Vs 1 Viral di TikTok - Bikin Imajinasi Netizen Makin Liar!,https://news.google.com/rss/articles/CBMinAFBVV95cUxQYy1BNmJCLUVjUzU1VEJNRlZ0YXZJaWlZdXdJamVfX2d6RkRYWjJQRWNjd1k0ell3VzNvMlhRb1dSZm9tMm5nRXBJenFpN2tnVEkxT2NxZlBSTlRfOTJhMksyemRPQ3h5bGJpYUZ3ZlZueFM5NHJKSWQyMlQ5T0tmSzFBYkZ1eEFNVEVBbmlVUG1GTmpDMnhmVXFTdUk?oc=5,Netral,0.0
2026-10-10 11:25:53,Indonesia,TikTok Trending (News),Viral Tsunami 60 Meter Akibat Erupsi Anak Krakatau - Badan Geologi Bongkar Fakta Video TikTok yang Bikin Resah,Trending Sosmed,Viral Tsunami 60 Meter Akibat Erupsi Anak Krakatau - Badan Geologi Bongkar Fakta Video TikTok yang Bikin Resah,https://news.google.com/rss/articles/CBMi4gFBVV95cUxNTC0zeDJfODdHVHpPb2Q2UU5uRjJSejVrakkzQ3ZuU1JaOHp3Q0pmcEUyTlRFczFwTWs0U3djRG9JWUJybXZ1YnBIXzB6WWNDNkpfNFM0WnI4M2JrMnJFNFgxWmxIY3pDR1I3NUZmbmcxa1JCYWRYcWh5eEhZVFlvYW9uTE9uOVZQQy0zb1EtOVVWMFBvaDdPaFhWVGgtTGk5c1d5NkVieUZPSHdnck5tYmVmTVpPOUVpNWV3RGlFb1Q4dGVScTVLRXMxaTZxdjZjT2JmcHE1ZW95WW1FNHdDcVB30gHnAUFVX3lxTE4tb08zODR0TUdTSEF2czVuUERlbjdUd1Zxb0xYaGxJaEc1WUJPOTZGU3lOZmxWOTBNOTFrV0lNMl95am5kNmhwUVVIdzZnZWpkR3hHeXA5VjI3eWQ0MEdWdnZvcHJGYVpxeXY2akxoNHZVYUVlajJGT1pNdVNudF9LNkNkMS1ybERsUU5uclliQUEtMjZ0MklyNlZmZmkxUlQ2WURPeXBIdnJDLTk3dGhSclNvSHJncTZOZVV5elh6RUEtMHhVTHVxaVRnb2Z6STRZQkxOUUlLV3QwYzhNOC1zTFdxdlBtQQ?oc=5,Netral,0.0
2026-10-10 11:25:53,Indonesia,TikTok Trending (News),Video 27 Detik Bilqis Luvena Viral - Ternyata Ini Fakta di Balik Link yang Dicari Warganet,Trending Sosmed,Video 27 Detik Bilqis Luvena Viral - Ternyata Ini Fakta di Balik Link yang Dicari Warganet,https://news.google.com/rss/articles/CBMiwAFBVV95cUxPWERTd2pTSnl2UDQwTncwZHpTSUtBUVFiSkRVclh5TkZmbGhZTEZQNG8zNTFmRlFmX1FxN2Y5bW1VYzhEc1lwTHZDRUZyb3ZoMjEtdDBuWFdPRmRNRnQwNFhVM2xDVlY3LWhfUTVtOEpLdDBsdnJUTTdGYUFra2t4QVh2el9NdzVLbzJpNzRoZURQalVtS3dLTzhYSVlMWVptNmd2S1hHb1ZBRFhQSGxBM0ZZSng4ZXRRbGRaQ1NDd0k?oc=5,Netral,0.0
2026-10-10 11:25:53,Indonesia,TikTok Trending (News),Cara Mendapatkan Uang dari TikTok: Modal Konten - Bukan Sekadar Follower,Trending Sosmed,Cara Mendapatkan Uang dari TikTok: Modal Konten - Bukan Sekadar Follower,https://news.google.com/rss/articles/CBMi1gFBVV95cUxOZTAxVFFqUHBxVW41alhFYlNkaEVMbDFBVGZZRktUbXdzSGtsbkt2dUxxRXBsZnVFRnNpVVA4aWd4amtqM0VlT1RvRHFYOEkwYy1ZN1ZNUDhLRW9kcVNZS0ZHTU5VSk5xYzVOak0xMFEwN2Jkam94NlVEeUlsTTR6dDBxcHdFSncwQW9Zb2F3dGw5Y1o5Zm5LLVBVU0ZhYkYxaVhhbGF6dVFpdm5rWXhYZTRzTkdzQmtkOXVpOE5NdUo4S0RtbkthWm16c2U2Q0JBZ1dwWTBR0gHWAUFVX3lxTE5lMDFUUWpQcHFVbjVqWEViU2RoRUxsMUFUZllGS1Rtd3NIa2xuS3Z1THFFcGxmdUVGc2lVUDhpZ3hqa2ozRWVPVG9EcVg4STBjLVk3Vk1QOEtFb2RxU1lLRkdNTlVKTnFjNU5qTTEwUTA3YmRqb3g2VUR5SWxNNHp0MHFwd0VKdzBBb1lvYXd0bDljWjlmbkstUFVTRmFiRjFpWGFsYXp1UWl2bmtZeFhlNHNOR3NCa2Q5dWk4Tk11SjhLRG1uS2FabXpzZTZDQkFnV3BZMFE?oc=5,Netral,0.0
2026-10-10 11:25:53,Indonesia,TikTok Trending (News),Akun IG dan TikTok Randi Revialdi Apa? Nana atau Hasna Hamidah Ungkap Dugaan Kekerasan - Benarkah Berasal dari Jawa Timur? - Jatim Network,Trending Sosmed,Akun IG dan TikTok Randi Revialdi Apa? Nana atau Hasna Hamidah Ungkap Dugaan Kekerasan - Benarkah Berasal dari Jawa Timur? - Jatim Network,https://news.google.com/rss/articles/CBMigAJBVV95cUxNQkN3RHVBUXFfMWViRl9LRnlsU0o2SW9xZXAwTEx1N1VBQ3REMTdhNUY0emh2b0NZOVpfZmItYXh3SDJ5UVF6RlBMME1raVg3UzJDNHJrNTJKLUJQLTBtM09ZMVZDdWJjSUM0dldRVVdHQWNlMHV2Qjh1RVdKaTBtZV9LZWZUcXV3R1ViNnV0TFI5SlpPTTFSb0hkWnJoUGZhMzZMelE4UTNMUzcxODFLcEh3eVJFY09KbXhwd1c5YlJ4X0UwR3VUOU5wclhqX2h0MVpQbFVRcHlvRURLajNrUGNzd2g3dXdCYVgxVFVKRGFjV1lGaEQtclVtSXQ5UXhf0gGGAkFVX3lxTE95dEdHYWRTQk00QmtDUDd3NjVSbUNad0lpbXlDanVqZUU0bEFGNjZvdVdnRFZTQmxFODk2VkJ1dHFhVlN3U0xySWwweHF5S00zOV9LSFVyeWYtTEtkMU80VDhUTk5TZ0FHTWJLWm10NzF1blZzcVpKV1QyUmdFT2Ewd2xVNGpDMWdub01wZV9qRWdjYmFPeVIwOUF4T25fVnQxUHloVXhHcDk1Qm5nMWJMMFF3WUxPN3g3YVhyZUNpRnVSVm8xUHFFMFA5NmJOcmVYaTVZTFJNbEhOWXJMQ1pTUVc5X0RidXdyVEpteDEyRGs3QW5SenNTVWNaQ191YlU2LXJuM2c?oc=5,Netral,0.0
2026-10-10 11:25:53,Indonesia,TikTok Trending (News),Video Kenshusei Jepang Bikin Heboh TikTok - Sosok Bercelana Biru Ini Jadi Buruan Warganet,Trending Sosmed,Video Kenshusei Jepang Bikin Heboh TikTok - Sosok Bercelana Biru Ini Jadi Buruan Warganet,https://news.google.com/rss/articles/CBMirAFBVV95cUxPcXY1V0FBTTYtWWZSTVNXZTdyU25ybUdaZmFqcUo2QTRkWE9NYkhmYVJXMkdpVnhQR19DenJFS0ZCQkk2dnZqUXp0RDBmTG12YUs3NVdMaFp2cEFnR1JHLWlCNUIwNEppU2hyOGt1MGg3OG1SVDlCLUhibEdHdGRBSVc1czNuRUpZTmZ0RG5ScGtTRlpQbC1kNjBPSXRQSXEwY1N4X09NTXZ4bUkt?oc=5,Netral,0.0
2026-10-10 11:25:53,Indonesia,X (Twitter) Trending,#OctroubleNoDrama,Trending di X,Trending Topic X Indonesia: #OctroubleNoDrama,https://x.com/search?q=%23OctroubleNoDrama&src=trend_click,Netral,0.0
2026-10-10 11:25:53,Indonesia,X (Twitter) Trending,Lhala Peel Di Naavagreen,Trending di X,Trending Topic X Indonesia: Lhala Peel Di Naavagreen,https://x.com/search?q=Lhala%20Peel%20Di%20Naavagreen&src=trend_click,Netral,0.0
2026-10-10 11:25:53,Indonesia,X (Twitter) Trending,#Jam12Serba10RibuTikTokShop,Trending di X,Trending Topic X Indonesia: #Jam12Serba10RibuTikTokShop,https://x.com/search?q=%23Jam12Serba10RibuTikTokShop&src=trend_click,Netral,0.0
2026-10-10 11:25:53,Indonesia,X (Twitter) Trending,K-Glass Soft Peel,Trending di X,Trending Topic X Indonesia: K-Glass Soft Peel,https://x.com/search?q=K-Glass%20Soft%20Peel&src=trend_click,Netral,0.0
2026-10-10 11:25:53,Indonesia,X (Twitter) Trending,#OjolNaikKelas,Trending di X,Trending Topic X Indonesia: #OjolNaikKelas,https://x.com/search?q=%23OjolNaikKelas&src=trend_click,Netral,0.0
2026-10-10 11:25:53,Indonesia,X (Twitter) Trending,Promo Guncang 10.10,Trending di X,Trending Topic X Indonesia: Promo Guncang 10.10,https://x.com/search?q=Promo%20Guncang%2010.10&src=trend_click,Netral,0.0
2026-10-10 11:25:53,Indonesia,X (Twitter) Trending,#InvestasiTerbaru,Trending di X,Trending Topic X Indonesia: #InvestasiTerbaru,https://x.com/search?q=%23InvestasiTerbaru&src=trend_click,Netral,0.0
2026-10-10 11:25:53,Indonesia,X (Twitter) Trending,Budiman Sudjatmiko,Trending di X,Trending Topic X Indonesia: Budiman Sudjatmiko,https://x.com/search?q=Budiman%20Sudjatmiko&src=trend_click,Netral,0.0
2026-10-10 11:25:53,Indonesia,X (Twitter) Trending,Flash Sale 10 Ribu,Trending di X,Trending Topic X Indonesia: Flash Sale 10 Ribu,https://x.com/search?q=Flash%20Sale%2010%20Ribu&src=trend_click,Netral,0.0
2026-10-10 11:25:53,Indonesia,X (Twitter) Trending,#IndonesiaHilirisisasiNikel,Trending di X,Trending Topic X Indonesia: #IndonesiaHilirisisasiNikel,https://x.com/search?q=%23IndonesiaHilirisisasiNikel&src=trend_click,Netral,0.0
2026-10-10 11:25:53,Indonesia,Google Trends ID,panama earthquake,100+,Powerful earthquake shakes Panama - followed by large aftershocks,https://www.cnn.com/2026/10/09/americas/panama-earthquake-latam-intl,Positif,25.71
2026-10-10 11:25:53,Indonesia,Google Trends ID,hujan meteor,200+,Fase Bulan Baru 10 Oktober 2026 Beri Kesempatan Objek Langit Lainnya untuk Bersinar,https://spatialhighlights.com/news/fase-bulan-baru-10-oktober-2026-beri-kesempatan-objek-langit-lainnya-untuk-bersinar,Netral,0.0
2026-10-10 11:25:53,Indonesia,Google Trends ID,daud yordan,100+,Daud Yordan timbang badan jelang kejuaraan tinju internasional,https://www.antarafoto.com/id/view/2881549/daud-yordan-timbang-badan-jelang-kejuaraan-tinju-internasional,Netral,0.0
2026-10-10 11:25:53,Indonesia,Google Trends ID,wnba,100+,Gabby Williams leads the way again for Valkyries - who beat Las Vegas 71-60 in Game 1 of WNBA semis,https://apnews.com/article/aces-valkyries-score-wnba-playoffs-eaf3ebaa05d8511a1bf37d3bdb248031,Negatif,-40.0
2026-10-10 11:25:53,Indonesia,Google Trends ID,cinta seluas samudra,100+,Cinta Seluas Samudra Kian Dinikmati Pemirsa SCTV - Para Pemain Ungkapkan Hal Ini,https://eventguide.id/2026/10/09/cinta-seluas-samudra-kian-dinikmati-pemirsa-sctv-para-pemain-ungkapkan-hal-ini/,Netral,0.0
2026-10-10 11:25:53,Indonesia,Google Trends ID,lalalafest,200+,Olivia Dean to Headline LaLaLa Fest 2027 in Three Cities: What to Know,https://en.tempo.co/read/2121162/olivia-dean-to-headline-lalala-fest-2027-in-three-cities-what-to-know,Netral,0.0
2026-10-10 11:25:53,Indonesia,Google Trends ID,uanl vs toluca,1000+,¿Cuándo fue la última vez que un equipo de Antonio Mohamed venció a Tigres en el ‘Volcán’?,https://www.si.com/es-us/futbol/cuando-fue-la-ultima-vez-que-un-equipo-de-antonio-mohamed-vencio-a-tigres-en-el-volcan,Netral,0.0
2026-10-10 11:25:53,Indonesia,Google Trends ID,fever,200+,Fever's Clark denounces online hate directed at 'good soul' Mitchell,https://www.espn.com/wnba/story/_/id/50133937/fever-clark-denounces-online-hate-directed-good-soul-mitchell,Netral,0.0
2026-10-10 11:25:53,Indonesia,Google Trends ID,hari kesehatan mental sedunia,200+,Hari Kesehatan Mental Sedunia 2026: Dengarkan Suara Mereka,https://www.cnnindonesia.com/gaya-hidup/20261009200609-255-1413726/hari-kesehatan-mental-sedunia-2026-dengarkan-suara-mereka,Netral,0.0
2026-10-10 11:25:53,Indonesia,Google Trends ID,lalala fest,1000+,Video: Olivia Dean Bakal ke Indonesia - Jadi Headliner LaLaLa Fest 2027,https://20.detik.com/detikupdate/20261007-261007065/video-olivia-dean-bakal-ke-indonesia-jadi-headliner-lalala-fest-2027,Netral,0.0
